ID,first_name,last_name,age,salary,job_title
1,Britney,Adler,23,3021.65,Biologist
2,Adela,Beal,38,1889.36,Design Engineer
3,Camden,Kelly,57,7202.85,Assistant Buyer
4,Julianna,Lunt,58,9689.98,Global Logistics Supervisor
5,Caleb,Clifford,34,6500.74,Service Supervisor
6,Alexia,Huggins,40,7064.30,Mobile Developer
7,Chester,Drake,39,1035.90,Dentist
8,Carter,Evans,27,9517.85,Electrician
9,Celia,Blackburn,53,5206.52,Executive Director
10,Ivy,Downing,53,2828.25,IT Support Staff
11,Bryon,Boyle,38,9310.11,Cashier
12,Margot,Cann,37,1549.45,HR Coordinator
13,Ron,Rose,59,1656.90,Cook
14,Manuel,Webster,38,9681.66,Insurance Broker
15,Aleksandra,Clifford,38,8190.79,Global Logistics Supervisor
16,Marvin,White,55,2590.97,Webmaster
17,Nathan,Talbot,38,6978.62,Laboratory Technician
18,Mark,Allington,58,3378.26,Executive Director
19,Bernadette,Moran,20,9668.98,Biologist
20,Nicholas,Strong,27,1622.57,Clerk
21,Miley,Ulyatt,33,6459.45,HR Specialist
22,Norah,Neville,36,6224.00,Designer
23,Wade,Addis,54,5297.80,Call Center Representative
24,Emerald,Holt,24,9050.65,Physician
25,Violet,Connell,20,8292.34,Healthcare Specialist
26,Roger,Rigg,28,1371.83,Software Engineer
27,Doug,Robinson,55,2895.32,Insurance Broker
28,Adela,Wallace,30,7382.10,Banker
29,Kassandra,Bloom,55,4369.21,Front Desk Coordinator
30,Cassandra,Stone,58,1297.77,Fabricator
31,Angelica,Carpenter,20,5589.91,Systems Administrator
32,Rihanna,Everett,44,2072.39,Paramedic
33,Sasha,Vane,19,4396.50,Global Logistics Supervisor
34,Gabriel,Wright,19,3525.54,Mobile Developer
35,Camila,Gilmour,24,2018.53,Systems Administrator
36,Florence,Andrews,27,8540.23,Doctor
37,Maribel,Morris,31,2681.25,Global Logistics Supervisor
38,Alan,Bright,42,3461.03,Service Supervisor
39,Rae,Pope,32,5961.37,Operator
40,Kieth,James,58,8183.72,Restaurant Manager
41,Allison,Redfern,47,3384.31,Physician
42,Rhea,Smith,53,9563.28,Business Broker
43,Boris,Hope,49,5837.40,Retail Trainee
44,Cadence,Richardson,49,7807.93,IT Support Staff
45,Manuel,Norris,36,2515.57,Operator
46,Marvin,Ellison,31,3686.54,Executive Director
47,Hayden,Seymour,59,7168.78,Production Painter
48,Nick,Rogers,37,8826.31,Call Center Representative
49,Julian,Gibbons,59,2478.00,Chef Manager
50,Adina,Truscott,55,4746.98,Inspector
51,Bob,Tailor,30,9448.69,Dentist
52,Angelina,Carter,37,2836.59,Design Engineer
53,Manuel,Benson,34,9459.68,Baker
54,Chris,Ashley,28,1096.55,Insurance Broker
55,Chad,Waterson,54,1336.49,Systems Administrator
56,Lindsay,Lyon,25,5071.63,Auditor
57,Hank,Evans,36,5648.05,Cook
58,Blake,Hepburn,38,5758.04,Designer
59,Ilona,Nelson,46,7936.95,Call Center Representative
60,Jamie,Ryan,35,4701.75,Investment  Advisor
61,Davina,Wild,31,1659.23,Associate Professor
62,Ada,Lloyd,39,9102.24,Associate Professor
63,Davina,Snow,49,1000.24,Operator
64,Nathan,Wooldridge,22,7061.05,Physician
65,Chadwick,Norman,41,7466.45,Business Broker
66,Daniel,Collis,53,1755.95,Insurance Broker
67,Alessandra,Thomson,29,6101.71,Designer
68,Melinda,Miller,30,4409.06,Bookkeeper
69,Lucas,Ianson,33,3844.99,Business Broker
70,Carl,Matthews,28,9721.41,Health Educator
71,Amelia,Abbey,25,7744.89,Retail Trainee
72,Liam,Russel,36,6759.25,Global Logistics Supervisor
73,Crystal,Bradshaw,37,3957.34,IT Support Staff
74,Alexander,Ellwood,47,4827.19,IT Support Staff
75,Tom,Lindsay,41,8467.84,Baker
76,Tess,Robinson,31,8686.33,Bookkeeper
77,Josh,Jefferson,33,2397.67,Budget Analyst
78,Madelyn,Fox,36,5124.36,Stockbroker
79,Anne,Salt,55,2744.64,Electrician
80,Ronald,Wilde,41,4296.83,Electrician
81,Enoch,Tutton,44,7837.67,Staffing Consultant
82,Roger,Gibbons,48,5241.66,Biologist
83,Lillian,Eyres,51,8555.72,Cash Manager
84,Sofia,Turner,51,5955.86,IT Support Staff
85,Sebastian,Rose,50,6308.69,CNC Operator
86,Carl,Savage,47,9493.95,HR Coordinator
87,Gloria,Varley,54,9213.03,Retail Trainee
88,Harriet,Wright,28,6286.80,Healthcare Specialist
89,Wade,Newman,45,5908.67,Electrician
90,Bethany,Lambert,42,6135.02,HR Coordinator
91,Manuel,Shaw,34,9191.19,Steward
92,Denis,Butler,33,6718.79,Physician
93,Rihanna,Lewis,37,8037.12,Webmaster
94,Gladys,Shaw,36,1878.29,Staffing Consultant
95,Lillian,Potter,50,2691.68,Steward
96,Jaylene,Stone,55,6394.17,Global Logistics Supervisor
97,Kaylee,Fall,59,8813.86,Executive Director
98,Scarlett,Campbell,34,6463.12,Machine Operator
99,Daniel,Nanton,49,8824.31,Investment  Advisor
100,Chadwick,Fleming,26,3269.33,Assistant Buyer
101,Fiona,Holmes,58,6145.41,Restaurant Manager
102,Kamila,Notman,36,4380.20,Audiologist
103,Russel,Lomax,57,3843.47,CNC Operator
104,Chad,Driscoll,29,9451.98,Physician
105,Julian,Ring,46,2547.98,Baker
106,Emmanuelle,Brock,20,6987.22,Machine Operator
107,Rocco,Moran,51,8793.07,CNC Operator
108,Owen,Thompson,30,6374.88,Software Engineer
109,Enoch,Rogers,34,5625.21,Fabricator
110,Aiden,Vane,50,4408.68,Global Logistics Supervisor
111,Hope,Roth,55,8395.25,Bookkeeper
112,Dani,Ross,54,2800.88,Clerk
113,Tiffany,Andersson,24,5398.67,Health Educator
114,Katelyn,Talbot,21,7937.76,Assistant Buyer
115,Clint,Stevens,18,7837.38,Mobile Developer
116,Denis,Vane,34,3335.13,Loan Officer
117,Carter,Roberts,59,9395.81,Inspector
118,Anthony,Michael,33,2453.72,Clerk
119,Logan,Devonport,33,4663.06,Physician
120,Peter,Ward,56,9668.58,Doctor
121,Julian,Larsen,50,7352.33,Fabricator
122,Cameron,Ingham,21,2582.36,Biologist
123,Doug,Amstead,47,9187.59,Mobile Developer
124,Sofie,Redwood,42,4617.72,Cook
125,Evelynn,Tanner,52,2900.45,Call Center Representative
126,Danny,Osman,20,7801.03,CNC Operator
127,Beatrice,Walton,40,9325.31,Physician
128,Fiona,Chappell,49,9253.37,Paramedic
129,Dakota,Campbell,56,6648.39,Pharmacist
130,Nick,Wright,39,6427.79,Clerk
131,Fiona,Taylor,53,4161.15,Laboratory Technician
132,Kurt,Haines,55,9817.40,Cash Manager
133,Sadie,Stone,33,9857.53,Healthcare Specialist
134,Doug,Reading,48,8163.74,Stockbroker
135,Johnathan,Gibson,47,5666.77,Designer
136,Aileen,Yang,55,9171.11,Fabricator
137,Willow,Wright,40,4847.59,Laboratory Technician
138,Melody,Trent,26,1856.18,Accountant
139,Allison,Greenwood,21,2373.68,Design Engineer
140,Harry,Baldwin,27,8197.65,Webmaster
141,Abbey,Graves,31,2463.60,Auditor
142,Mark,Brown,21,3428.17,Cashier
143,Sara,Fields,44,2560.44,Project Manager
144,Harriet,Lindop,54,9482.91,Audiologist
145,Rosalie,Uttridge,41,3646.74,Lecturer
146,Martha,Doherty,41,5137.97,Dentist
147,Jocelyn,Wren,58,8833.96,HR Specialist
148,Clarissa,Stone,33,6481.89,Physician
149,Shannon,Clifton,20,1954.02,Cashier
150,Faith,Noach,58,9629.25,Clerk
151,Phoebe,Kelly,39,6524.26,Stockbroker
152,Jamie,Addley,20,4754.73,Baker
153,Willow,Parr,37,3876.59,Laboratory Technician
154,Mary,Mackenzie,43,6032.45,Bookkeeper
155,Kurt,Lyon,46,5255.61,Lecturer
156,Regina,Vallins,46,3666.23,Health Educator
157,Britney,Sawyer,41,4548.34,Doctor
158,Michael,Patel,32,5107.45,Designer
159,Payton,Wilson,26,2915.83,Cook
160,Doris,Funnell,28,6419.43,Baker
161,Piper,Graves,37,1461.92,Designer
162,Marjorie,Richards,44,4935.84,Ambulatory Nurse
163,Daron,Bryson,29,4940.93,Designer
164,Benny,Thorpe,22,3889.18,Machine Operator
165,Kate,Penn,27,8338.79,Associate Professor
166,Chadwick,Ward,54,2343.03,Software Engineer
167,Liv,Yarlett,50,3371.21,Steward
168,Audrey,Blackwall,40,4747.98,CNC Operator
169,Isabel,Boden,57,6062.22,Cashier
170,Taylor,Asher,54,8495.36,Stockbroker
171,Nicole,Nicholls,42,5114.65,Loan Officer
172,Anais,Harrington,27,7635.50,Laboratory Technician
173,Cara,Foxley,36,4500.26,Associate Professor
174,Harry,Richardson,22,1776.46,Food Technologist
175,Nathan,Hunt,22,9009.98,Biologist
176,Ember,Addley,58,8439.06,Software Engineer
177,Nancy,Bayliss,19,6677.25,Investment  Advisor
178,Erica,Radcliffe,29,9783.97,Loan Officer
179,Barry,Morrison,48,6573.52,Web Developer
180,Moira,Morgan,46,5846.43,Chef Manager
181,Ron,Lowe,20,7779.38,Associate Professor
182,Bernadette,Mason,19,3262.03,Stockbroker
183,Bryon,Callan,34,9245.04,Pharmacist
184,Doug,Lloyd,30,4474.47,CNC Operator
185,Nicholas,Irwin,18,2459.07,Healthcare Specialist
186,Judith,Allcott,26,6720.00,Software Engineer
187,Emma,Jackson,23,5934.64,Web Developer
188,Aeris,Rose,32,2057.63,Webmaster
189,Penelope,Whinter,38,5883.79,Health Educator
190,Maxwell,Knott,58,1916.16,Call Center Representative
191,Jayden,Larsen,28,9423.35,Restaurant Manager
192,Lindsay,Fox,54,4314.19,Assistant Buyer
193,Julia,Rossi,47,8955.90,Cashier
194,Sloane,Andrews,53,7374.46,Pharmacist
195,Nicholas,Cassidy,47,7503.41,Systems Administrator
196,Vera,Parker,32,6648.91,Systems Administrator
197,Leslie,Harrison,51,5406.84,Lecturer
198,Carter,Vincent,22,8579.66,Steward
199,Mike,Parsons,26,8577.53,Webmaster
200,Liam,Allington,24,3766.52,CNC Operator
201,Beatrice,Blythe,34,9823.40,Biologist
202,Piper,Moran,23,7095.61,Systems Administrator
203,Leanne,Hall,36,5864.72,Lecturer
204,David,Franks,22,2386.68,Stockbroker
205,Kurt,Crawford,19,9419.84,Design Engineer
206,Mark,Hamilton,33,2945.90,Laboratory Technician
207,Julian,Neal,44,4833.13,Designer
208,Molly,Hill,34,7545.79,Physician
209,John,Russell,48,1967.30,Steward
210,Candace,Benson,36,8946.18,Operator
211,Ally,Brennan,52,3931.26,Systems Administrator
212,Naomi,Collins,31,4659.76,Designer
213,Liam,Emmett,28,9710.33,Treasurer
214,Elena,Leigh,26,8474.87,Chef Manager
215,Erin,Hooper,20,5809.54,Ambulatory Nurse
216,Ryan,Kelly,19,9169.53,Clerk
217,Boris,Brooks,47,2439.56,Staffing Consultant
218,Sofie,Bennett,38,8518.99,CNC Operator
219,Sara,Carter,32,7196.57,Design Engineer
220,David,Yates,22,1244.24,Food Technologist
221,Tania,Bingham,57,2736.79,Loan Officer
222,Bob,Bullock,30,2352.98,Pharmacist
223,Quinn,Sherwood,53,4892.64,HR Coordinator
224,Ramon,Lindsay,25,2303.83,Baker
225,Charlize,Whitmore,53,1172.27,Global Logistics Supervisor
226,Gabriel,Woods,25,7488.26,Electrician
227,Morgan,Brown,24,6217.28,Staffing Consultant
228,Emma,Bailey,38,1968.22,Service Supervisor
229,Chris,Gilbert,26,7879.51,Laboratory Technician
230,Maggie,Gosling,54,2663.61,Webmaster
231,Marissa,Gilmore,37,7411.17,Pharmacist
232,Denis,Hamilton,50,4126.19,Accountant
233,Brad,Thompson,26,3714.12,Laboratory Technician
234,Erick,Newman,19,8387.33,Stockbroker
235,John,Kirby,47,4931.17,Web Developer
236,Maya,Lynch,48,9580.14,Designer
237,Leilani,Rivers,56,7269.47,Systems Administrator
238,Mark,Vaughn,22,4038.43,Food Technologist
239,Hank,Squire,23,6769.90,Fabricator
240,Hank,Cadman,25,1997.25,IT Support Staff
241,Leroy,Drew,24,8432.08,Global Logistics Supervisor
242,Fiona,Pickard,52,2295.53,Inspector
243,Celina,Hopkins,41,9889.57,Health Educator
244,Noah,Cann,34,8931.75,Bellman
245,Kieth,Smith,27,3089.76,Accountant
246,Clint,Nobbs,47,3113.44,Audiologist
247,Winnie,Parker,27,9929.86,Webmaster
248,Manuel,Johnson,54,3309.28,Design Engineer
249,Phillip,Ingram,46,6109.60,Bookkeeper
250,Harry,Judd,57,8310.22,Health Educator
251,Chanelle,Bell,46,7472.26,Budget Analyst
252,Ronald,Quinton,53,1866.20,Clerk
253,Ryan,Dillon,27,2458.95,Web Developer
254,Carter,Stevenson,19,7684.40,Webmaster
255,Rosalyn,Newman,32,8627.46,Audiologist
256,Greta,Squire,52,7380.88,Systems Administrator
257,Maria,Griffiths,54,7093.48,Inspector
258,Eileen,Hogg,52,7822.75,Service Supervisor
259,Willow,Taylor,58,3854.27,Stockbroker
260,Marilyn,Russell,43,3890.09,Budget Analyst
261,Elle,Pope,31,9857.76,HR Coordinator
262,Bob,Shaw,55,8257.27,Project Manager
263,Domenic,Blackwall,41,3665.39,Restaurant Manager
264,Maxwell,Wilson,52,9157.53,Web Developer
265,Anne,Cassidy,39,9489.78,Inspector
266,Javier,Lucas,43,4251.33,Cashier
267,Holly,Graham,47,1653.56,Staffing Consultant
268,Jacqueline,Gordon,36,4379.59,Baker
269,Ruby,Stewart,52,6338.11,Budget Analyst
270,Ema,Stanton,39,4802.23,IT Support Staff
271,Maggie,Milner,19,8675.74,Web Developer
272,Ron,Hobbs,54,1411.83,Dentist
273,Hayden,Wilkinson,50,9432.37,Software Engineer
274,Michael,Reynolds,19,4273.24,Investment  Advisor
275,Moira,Giles,28,8896.05,Baker
276,Logan,Jones,28,7451.43,Investment  Advisor
277,Ramon,Yard,53,6043.40,Laboratory Technician
278,Denny,Lee,35,2559.96,Dentist
279,Colleen,Adler,33,2405.83,Clerk
280,Ronald,Fisher,39,8611.91,Healthcare Specialist
281,George,Collins,37,1154.40,Accountant
282,Camden,Mackenzie,29,3024.59,Biologist
283,Mason,Button,56,1389.78,Food Technologist
284,Alice,Mackenzie,35,8840.63,Steward
285,Abdul,Norburn,25,2854.16,Retail Trainee
286,Phillip,Ellis,29,3704.39,Designer
287,Hannah,Gray,35,4417.60,Budget Analyst
288,Ellen,Andrews,54,2286.75,Laboratory Technician
289,Peter,Crawley,55,7675.53,Business Broker
290,Maribel,Lewis,28,7387.25,Staffing Consultant
291,Roger,Wheeler,56,8204.58,Service Supervisor
292,Peyton,Emmott,39,2363.85,Dentist
293,Ronald,Niles,31,6129.11,Paramedic
294,Meredith,Fowler,18,3707.81,Pharmacist
295,Kurt,Hopkins,20,4304.27,Production Painter
296,George,Pond,23,7680.04,Project Manager
297,Carl,Taylor,51,9902.32,Paramedic
298,Jayden,Hall,44,5095.93,Retail Trainee
299,Maddison,Clarke,59,1182.06,Web Developer
300,Sebastian,Woodcock,28,7501.06,Doctor
301,Beatrice,Murphy,29,8439.68,Accountant
302,Denis,Salt,42,7466.77,Business Broker
303,Shannon,Thomas,54,1216.13,Clerk
304,Madison,Underhill,48,3523.60,Biologist
305,Bryon,Stuart,56,5282.07,Assistant Buyer
306,Tyson,Sinclair,46,4959.34,Operator
307,Javier,Ashwell,25,3851.30,Insurance Broker
308,Josh,Uttridge,35,7455.76,Business Broker
309,Jacob,Norton,28,3316.81,Health Educator
310,Peter,Dixon,45,6451.71,Lecturer
311,Madelyn,Alldridge,20,3189.96,Health Educator
312,Tony,Reid,59,3045.05,Project Manager
313,Mason,Morris,20,6370.96,Loan Officer
314,Harriet,Price,29,7807.72,HR Specialist
315,Jack,Whitmore,30,2510.14,CNC Operator
316,Destiny,Gray,44,1900.61,Retail Trainee
317,Tiffany,White,36,9996.33,Fabricator
318,Zoe,Wood,46,3523.83,HR Coordinator
319,Aleksandra,Coleman,42,4545.04,Ambulatory Nurse
320,Colleen,Fowler,37,4874.70,Call Center Representative
321,Ethan,Dixon,55,9374.28,Laboratory Technician
322,Leroy,Lindop,32,7585.92,Design Engineer
323,Sofia,Oatway,23,2129.19,Retail Trainee
324,Carol,Nielson,36,4902.29,HR Coordinator
325,Gil,Ellis,37,1629.77,Baker
326,Samantha,Stone ,28,1836.99,Healthcare Specialist
327,Karen,Gray,28,4265.40,Lecturer
328,Rowan,Robinson,49,6784.33,Web Developer
329,Chester,Rogers,44,6033.78,Cash Manager
330,Nathan,Duvall,54,1121.96,Bookkeeper
331,Aiden,Amstead,40,7271.65,Ambulatory Nurse
332,Carla,Ebden,31,2220.38,Pharmacist
333,Caleb,Cunningham,56,4418.30,Chef Manager
334,Domenic,Zaoui,48,5401.73,Cashier
335,Boris,Norris,31,7646.34,Associate Professor
336,Macy,Shields,23,8249.00,Web Developer
337,Jocelyn,Craig,53,4523.82,Audiologist
338,Callie,Mcneill,51,3030.92,Project Manager
339,Elijah,Lewis,32,5176.71,HR Coordinator
340,Daria,Ross,33,2481.85,Call Center Representative
341,Sabina,Stuart,38,9599.86,Auditor
342,Bob,Phillips,48,5735.02,Service Supervisor
343,Chester,Long,55,1827.12,Food Technologist
344,Felicity,Palmer,46,6683.73,Cash Manager
345,Erin,Shea,27,3591.75,Designer
346,Angelica,Stubbs,58,7942.60,Paramedic
347,Natalie,Watt,36,8778.40,Web Developer
348,Lorraine,Milner,56,5501.70,Auditor
349,Winnie,Ellis,23,3845.96,Retail Trainee
350,Roger,Hobson,35,8521.52,Stockbroker
351,Bart,Ramsey,37,7431.93,Business Broker
352,Kurt,Riley,41,1141.99,Laboratory Technician
353,Ramon,Moore,39,6995.32,Health Educator
354,Faith,Vass,38,5982.18,Call Center Representative
355,Luke,Russel,39,6418.43,Dentist
356,Henry,Fox,37,7379.89,Budget Analyst
357,Ramon,Selby,43,5850.07,Healthcare Specialist
358,Caydence,Evans,33,1900.49,Insurance Broker
359,John,Robinson,31,8664.33,Paramedic
360,Hayden,Noach,58,9960.38,Chef Manager
361,Adalie,Rees,23,6844.62,Design Engineer
362,Phillip,Oliver,22,9162.23,Fabricator
363,Ronald,Wellington,39,6002.07,Chef Manager
364,Lucas,Brett,28,9501.31,Auditor
365,Percy,Pope,27,4787.56,Chef Manager
366,Michael,Farrant,40,5276.12,Loan Officer
367,Noemi,Mann,50,9302.83,Stockbroker
368,Julius,Verdon,45,3398.16,Associate Professor
369,Ron,Connor,55,1702.11,Systems Administrator
370,Trisha,Driscoll,25,9073.23,Systems Administrator
371,Rocco,Stevens,44,4461.37,Chef Manager
372,Leslie,Stevens,35,6708.21,IT Support Staff
373,Marilyn,Shields,28,9666.24,Clerk
374,Ronald,Collingwood,34,3633.24,Steward
375,Luna,Tobin,50,9449.80,Webmaster
376,Paula,Patel,27,9994.81,Healthcare Specialist
377,Elise,Richardson,36,1905.05,Systems Administrator
378,Tom,Gilmour,57,7177.46,Cashier
379,Josh,Ellery,32,5686.23,Auditor
380,Barry,Tailor,56,7607.14,Production Painter
381,Mina,Dillon,45,3598.47,Assistant Buyer
382,Anabel,Spencer,35,4170.96,Biologist
383,Percy,Thomas,20,6256.37,Laboratory Technician
384,Makenzie,Scott,57,4861.82,Pharmacist
385,Denis,Parker,50,7943.70,Auditor
386,Bridget,Hill,45,4094.42,Operator
387,Joseph,Watson,35,2529.29,Banker
388,Nicholas,Rowe,41,3709.88,Healthcare Specialist
389,Joseph,Dale,47,3922.37,Software Engineer
390,Carla,Bryant,20,2810.41,Production Painter
391,Harry,Corbett,51,1474.27,Budget Analyst
392,Dakota,Wilde,52,1625.31,Staffing Consultant
393,Florence,Herbert,53,1367.33,Mobile Developer
394,Daniel,Verdon,34,8488.73,Webmaster
395,Carter,Harvey,35,5878.28,Inspector
396,George,Power,50,5707.15,Bookkeeper
397,Hazel,Jordan,34,5128.60,Mobile Developer
398,Denis,Ryan,38,5373.76,Cook
399,Elly,Sloan,51,7504.50,CNC Operator
400,Clint,Mccall,32,8914.34,Fabricator
401,Amelia,Rothwell,26,5352.00,Audiologist
402,Jayden,Ballard,50,9197.68,HR Coordinator
403,Nate,Long,31,7933.91,HR Coordinator
404,Anne,Turner,44,6613.47,Webmaster
405,Marvin,Morris,19,3826.66,Project Manager
406,Violet,Evans,29,4767.09,Machine Operator
407,Daniel,Preston,20,8062.33,Lecturer
408,Christy,Egerton,57,2764.20,Service Supervisor
409,Vivian,Ralph,41,2227.85,Fabricator
410,Mike,Richardson,54,7860.98,Restaurant Manager
411,Percy,Garcia,54,3944.04,Global Logistics Supervisor
412,Chad,Riley,35,8510.34,Ambulatory Nurse
413,Aurelia,Eyres,36,8944.99,Dentist
414,Rick,Ellery,54,9757.00,Designer
415,Josh,Flett,29,8928.83,Physician
416,Clint,Ryan,25,2094.98,Bookkeeper
417,Abbey,Emerson,19,3103.02,HR Specialist
418,Tyler,Knight,25,1869.84,Cash Manager
419,Vicky,Wood,42,5685.19,Design Engineer
420,Enoch,Wright,21,2518.91,CNC Operator
421,Manuel,Hobbs,21,9480.38,Loan Officer
422,Jayden,Robinson,49,1981.77,HR Specialist
423,Carl,Brooks,41,1532.83,Electrician
424,Martin,Johnson,29,2126.33,Electrician
425,David,Gilmour,47,7639.45,Dentist
426,Carter,Morris,48,7463.37,Electrician
427,Destiny,Mann,25,6052.13,Project Manager
428,Janice,Wood,57,8279.87,Fabricator
429,Ramon,Owen,59,5064.77,Systems Administrator
430,Maxwell,Hewitt,29,2777.10,Web Developer
431,Erick,Moreno,35,5690.26,Health Educator
432,Bryon,Tailor,18,4168.68,Doctor
433,Noemi,Uddin,25,3345.01,Electrician
434,Tyler,Lloyd,24,6090.17,Chef Manager
435,Owen,Whitmore,49,8105.91,Call Center Representative
436,Jenna,Vernon,24,5838.21,Inspector
437,Kieth,Henderson,48,7403.24,Health Educator
438,Cedrick,Hobson,24,5125.42,Stockbroker
439,Trisha,Moran,41,5835.69,Software Engineer
440,Brooklyn,Richardson,44,7130.90,Loan Officer
441,Julius,Gunn,44,2019.82,Clerk
442,Sage,Russel,41,6107.66,Staffing Consultant
443,Henry,Lloyd,59,9827.59,Accountant
444,Harvey,Snow,56,5707.19,Steward
445,Clint,Rainford,22,2017.07,Dentist
446,Hank,Wilde,32,4069.75,Bellman
447,Abbey,Farrant,38,8860.44,HR Coordinator
448,Hayden,Lloyd,51,4409.78,Webmaster
449,Isla,Mcneill,50,6636.92,Associate Professor
450,Logan,Eaton,57,5434.25,Production Painter
451,Martin,Barrett,42,7575.78,Associate Professor
452,Leanne,Wood,57,5523.52,Steward
453,Vanessa,Reid,31,5375.54,Baker
454,Phoebe,Thorne,23,1994.92,Project Manager
455,Victoria,Collis,36,9925.48,IT Support Staff
456,Gabriel,Graham,38,6018.65,Associate Professor
457,Matt,Woodley,57,5565.51,Call Center Representative
458,Liliana,Grey,20,8231.37,Bookkeeper
459,Benjamin,Harrington,33,7849.54,Inspector
460,Joseph,Graham,30,5557.69,Inspector
461,Karla,Barclay,18,9387.47,Call Center Representative
462,Chadwick,Fields,37,3640.93,Dentist
463,Danny,Ogilvy,22,7531.75,Pharmacist
464,Kate,Williams,53,3659.57,Web Developer
465,Eduardo,Cann,55,2343.28,HR Specialist
466,Elle,Parker,22,7021.29,Mobile Developer
467,Sabina,Plumb,28,5744.42,Project Manager
468,Tony,Huggins,35,7796.67,Stockbroker
469,Domenic,Vallins,43,5443.66,Staffing Consultant
470,Miley,Dixon,34,6036.76,Audiologist
471,Moira,Cox,29,6550.95,Steward
472,Juliet,Taylor,21,2573.20,Physician
473,Adina,Goodman,37,2827.09,Loan Officer
474,Peyton,Spencer,38,3035.48,Biologist
475,Chadwick,Murphy,29,6123.03,Baker
476,Daniel,Miller,31,1392.41,Global Logistics Supervisor
477,Marina,Shields,21,4851.82,Retail Trainee
478,Lana,Moran,52,4558.29,Auditor
479,Ember,Oatway,45,1314.15,Banker
480,Liliana,Devonport,59,3580.78,Front Desk Coordinator
481,Harry,Lee,32,6842.16,Production Painter
482,Eryn,Walker,48,5127.74,Steward
483,Ronald,Jackson,49,4763.02,CNC Operator
484,Javier,Jarrett,53,8352.49,Operator
485,Kassandra,Partridge,42,4967.62,Laboratory Technician
486,Gabriel,Oliver,20,3587.59,Machine Operator
487,Liam,Groves,35,9828.00,CNC Operator
488,Holly,Johnson,19,3284.90,Production Painter
489,Martin,Kelly,46,2206.89,Insurance Broker
490,Julia,Owen,53,8726.41,Loan Officer
491,Johnny,Neville,44,2523.83,Production Painter
492,Robyn,Farrant,46,8697.61,Lecturer
493,Destiny,Ingram,32,6535.12,Laboratory Technician
494,Daron,Burge,29,3330.94,Food Technologist
495,Denis,Clarke,20,9543.74,Laboratory Technician
496,Maya,Ellwood,54,3985.78,Treasurer
497,Percy,Oswald,58,6308.62,Stockbroker
498,Gil,Addis,24,6114.11,Inspector
499,Alison,Gordon,25,3728.16,Pharmacist
500,Alice,Addis,52,5465.05,Chef Manager
501,Barry,Kent,54,1491.26,Bellman
502,Andie,Ellis,55,8984.49,Mobile Developer
503,Owen,Leslie,27,3517.26,Restaurant Manager
504,Lara,Richards,32,6068.28,Fabricator
505,John,Miller,53,6210.52,Service Supervisor
506,Mina,Uttridge,19,5221.94,Fabricator
507,Fiona,Harris,29,8004.62,Front Desk Coordinator
508,Maribel,Wright,36,7989.48,Laboratory Technician
509,Julia,Baker,54,8972.40,Assistant Buyer
510,Jacob,Kennedy,22,3279.53,Healthcare Specialist
511,Domenic,Ballard,34,7057.48,Lecturer
512,Tom,Bullock,56,3486.14,Designer
513,Michael,Nobbs,18,2336.12,Pharmacist
514,Roger,Yates,43,5898.27,Ambulatory Nurse
515,Caleb,Jackson,25,7064.14,Inspector
516,Angelica,Oldfield,34,9409.98,Biologist
517,Vicky,Mitchell,49,3801.96,Inspector
518,Nick,Eddison,47,1013.61,Executive Director
519,Boris,Woods,33,9417.34,Doctor
520,Elisabeth,Dyson,35,3175.36,Biologist
521,Celina,Hardwick,31,6894.34,Audiologist
522,Marvin,Mann,52,5871.97,Retail Trainee
523,Anais,Miller,45,9045.66,HR Coordinator
524,Cedrick,Holmes,47,8110.58,Cook
525,Ruby,Middleton,27,8288.06,HR Specialist
526,Joseph,Roberts,35,3515.75,Pharmacist
527,Lily,Gaynor,44,5029.46,Cashier
528,Jenna,Mould,18,8918.30,HR Specialist
529,Aileen,Talbot,48,6211.94,Electrician
530,Javier,Moran,47,2841.73,Inspector
531,Jamie,Keys,36,9407.00,Cashier
532,Julianna,Cork,35,6256.21,Webmaster
533,Nathan,Lloyd,57,9046.24,Doctor
534,Lily,Darcy,34,3339.72,Ambulatory Nurse
535,Peter,Middleton,36,1021.63,Project Manager
536,Ron,Giles,59,9236.47,Audiologist
537,Aurelia,Moreno,19,2630.23,IT Support Staff
538,Bart,Mills,33,3300.63,Audiologist
539,Fred,James,51,3887.81,Project Manager
540,Barry,Asher,38,2176.00,Paramedic
541,Johnny,Connell,59,2731.92,Designer
542,Harvey,Wilkinson,50,1026.00,Project Manager
543,Joy,Ashwell,37,4692.07,Software Engineer
544,Aiden,Campbell,47,2315.96,Business Broker
545,Harry,Harvey,46,4665.51,Laboratory Technician
546,Daron,Vince,22,2006.05,Bellman
547,Johnny,Owens,50,3799.94,Stockbroker
548,Colleen,Knott,28,4649.03,Cook
549,Stella,Addis,24,6537.83,Health Educator
550,Noah,Bingham,47,7142.90,Baker
551,Russel,Kelly,32,1530.28,Cashier
552,Alba,Poulton,27,9948.24,Global Logistics Supervisor
553,Kate,Marshall,47,6458.38,Design Engineer
554,Lana,Eddison,55,6346.40,CNC Operator
555,Manuel,Stuart,27,8781.65,Operator
556,Elena,Young,35,1129.26,Retail Trainee
557,Rowan,May,59,4556.68,Treasurer
558,Nate,Roscoe,35,1408.91,Food Technologist
559,Ellen,Gordon,19,2218.80,Software Engineer
560,Jade,Utterson,44,7739.94,CNC Operator
561,Naomi,Warren,30,1250.61,Web Developer
562,Norah,Jefferson,18,4824.47,Doctor
563,Mason,Garner,51,7521.82,Ambulatory Nurse
564,Carrie,Todd,34,6973.32,Pharmacist
565,Maxwell,Clark,18,8802.89,Cashier
566,Brad,Norman,31,3251.43,Systems Administrator
567,Angel,Lewin,49,3141.22,Software Engineer
568,Danny,Stark,30,7675.18,Biologist
569,Ronald,Powell,22,4140.00,Dentist
570,Chris,Mullins,25,8136.57,CNC Operator
571,Bryon,Rainford,37,2036.81,Business Broker
572,Brad,Hall,57,3799.08,Front Desk Coordinator
573,Kurt,Wooldridge,30,4690.09,Global Logistics Supervisor
574,Martin,Isaac,52,1828.64,Systems Administrator
575,Denis,Collins,35,9578.88,Accountant
576,Camila,Brooks,55,4467.69,Chef Manager
577,Mabel,Gilmore,54,4340.73,Global Logistics Supervisor
578,Ryan,Martin,27,7495.34,HR Specialist
579,Brad,Tailor,48,3845.18,Loan Officer
580,Dasha,Freeburn,48,2622.00,Inspector
581,Elijah,Purvis,18,5677.36,Associate Professor
582,Ronald,Tyler,47,4433.65,Operator
583,Russel,Patel,21,8138.81,Electrician
584,Emma,Morris,58,5331.85,Clerk
585,Wendy,Lakey,37,7501.92,Executive Director
586,Lauren,Evans,26,8945.53,Cashier
587,Johnny,Quinton,18,3280.00,Loan Officer
588,Mason,Fall,51,1128.32,Inspector
589,Owen,Yoman,31,6656.85,Assistant Buyer
590,Jayden,Warner,56,3882.80,Cook
591,Chris,Saunders,25,2291.54,Webmaster
592,Oliver,Vallins,59,2826.24,Project Manager
593,Kurt,Davies,43,6691.29,Healthcare Specialist
594,Willow,Aldridge,46,1323.16,Cash Manager
595,Rufus,Vaughan,32,4490.92,Production Painter
596,Noah,Oakley,45,5780.22,Paramedic
597,Robyn,Hamilton,26,3269.05,Audiologist
598,Fiona,Sherry,23,3579.04,Service Supervisor
599,Alan,Speed,46,6677.75,Investment  Advisor
600,Courtney,Harrington,25,2724.00,Fabricator
601,Johnathan,Redwood,33,1499.65,Healthcare Specialist
602,Benjamin,Tyler,57,9322.71,Webmaster
603,Lauren,Spencer,31,2287.49,Healthcare Specialist
604,Lily,Mccormick,59,5669.72,Call Center Representative
605,Lorraine,Wooldridge,57,4804.63,Accountant
606,Candice,Townend,35,3722.78,Systems Administrator
607,Henry,Woodley,56,9931.75,Steward
608,Domenic,Pearce,26,6342.22,Lecturer
609,Maya,Russell,49,7542.65,Auditor
610,William,Johnson,53,6704.10,Inspector
611,Bryon,Bullock,55,1881.72,Webmaster
612,Jayden,Warner,28,2721.58,Associate Professor
613,Anabel,Vaughn,22,6318.18,Physician
614,Bob,Weatcroft,41,4979.57,Retail Trainee
615,Cynthia,Robinson,52,5177.69,Bellman
616,Chuck,Wilkinson,56,9435.55,Designer
617,Hannah,Vinton,36,2089.45,Insurance Broker
618,Madelyn,Welsch,45,4740.55,Loan Officer
619,Bob,Radcliffe,55,7746.56,Investment  Advisor
620,Melanie,Michael,28,7216.98,Associate Professor
621,Naomi,Henderson,59,6386.85,Biologist
622,Vicky,Wood,42,1310.34,Steward
623,Ema,Robinson,22,8698.95,Inspector
624,Chuck,Button,50,9673.84,Banker
625,Tyson,Kidd,18,6035.13,Bellman
626,Jayden,Fox,38,7350.34,Insurance Broker
627,Celia,Stubbs,37,6204.57,Clerk
628,Analise,Thorpe,34,6006.43,Restaurant Manager
629,Bristol,Howard,20,6057.06,Biologist
630,Mark,Samuel,33,4837.15,Physician
631,Marie,Khan,59,7534.64,Paramedic
632,Leroy,Kelly,57,6741.97,Doctor
633,Madison,Gray,33,8464.21,Web Developer
634,Faith,Leslie,36,4027.21,Executive Director
635,Mark,Walker,24,3812.95,Banker
636,Bryon,Dickson,47,7121.78,Software Engineer
637,Emerald,Jones,47,6790.62,Insurance Broker
638,Oliver,Wilde,27,8657.88,Business Broker
639,Andrea,Gates,23,3789.71,Machine Operator
640,Paula,Wright,28,2883.36,Restaurant Manager
641,Joseph,Gardner,54,6463.52,Biologist
642,Charlize,Talbot,44,6568.66,Project Manager
643,Liam,Kaur,48,1890.67,Accountant
644,Harvey,Marshall,42,1211.04,Webmaster
645,Sarah,Rivers,21,5335.43,Accountant
646,Ronald,Mason,54,1011.68,Inspector
647,Melody,Tindall,25,9027.18,Food Technologist
648,Alan,Dale,20,1080.08,Bellman
649,Alexia,Cameron,44,5624.44,Assistant Buyer
650,Vivian,Stewart,23,3572.23,Treasurer
651,Sebastian,Kennedy,29,4913.57,Dentist
652,Nick,Pearce,49,8678.96,Cook
653,Catherine,Mcgregor,32,8163.63,Service Supervisor
654,Anthony,Milner,18,4917.22,Doctor
655,Maia,Drummond,21,7471.45,Dentist
656,Kurt,Kent,25,4884.66,Loan Officer
657,Lindsay,Stewart,51,5323.64,Laboratory Technician
658,Nick,Simpson,32,9890.69,Auditor
659,Mark,Bennett,20,7974.55,Biologist
660,Jackeline,Calderwood,37,1359.77,Project Manager
661,Julian,Plant,42,2516.96,Baker
662,Jacob,Farrow,56,9353.02,Paramedic
663,Gemma,Yang,46,6034.25,Loan Officer
664,Sydney,Herbert,29,9400.70,Systems Administrator
665,Erick,Lynn,39,3408.01,Cash Manager
666,Kirsten,Ebbs,39,2178.45,Operator
667,Louise,Vass,18,8179.50,Insurance Broker
668,Britney,Paterson,30,9671.62,Software Engineer
669,Rebecca,Wigley,44,1719.90,Audiologist
670,Mason,Milner,26,1626.75,IT Support Staff
671,Tom,Foxley,43,2159.25,IT Support Staff
672,Emely,Myatt,37,5319.50,Laboratory Technician
673,Clint,Milner,19,4094.23,Design Engineer
674,Sara,Rowlands,33,5485.92,Laboratory Technician
675,Josh,Hopkins,18,9992.15,Physician
676,Javier,Dickson,28,1931.59,Audiologist
677,Valentina,Nanton,29,2604.38,Paramedic
678,Marvin,Latham,28,8742.90,Insurance Broker
679,Mavis,Alldridge,38,1737.29,Budget Analyst
680,Gabriel,Gates,43,4860.83,IT Support Staff
681,Julius,Bryson,25,1816.27,Budget Analyst
682,Javier,James,41,2368.01,Design Engineer
683,Brad,Dillon,43,2079.44,Project Manager
684,Nate,Fox,50,9147.28,Executive Director
685,Payton,Haines,31,2928.26,Biologist
686,Gil,Jefferson,20,6710.30,Front Desk Coordinator
687,Cynthia,Weatcroft,32,9485.77,Call Center Representative
688,Joseph,Holmes,36,8265.75,Bellman
689,Cedrick,Robinson,22,2868.65,Treasurer
690,Mara,Larsen,39,3931.89,IT Support Staff
691,Johnathan,Wilkinson,59,7175.13,Cash Manager
692,William,Collingwood,36,4506.14,Paramedic
693,Makenzie,Moreno,46,9476.42,Staffing Consultant
694,Lynn,Higgs,31,6469.40,Software Engineer
695,Mara,Verdon,34,7562.90,Executive Director
696,Abdul,Saunders,59,7216.52,Systems Administrator
697,Sofie,James,37,6618.21,Doctor
698,Erick,Broomfield,31,6153.41,Loan Officer
699,Tyler,Ellis,31,4259.71,Mobile Developer
700,Barry,Edley,36,1001.26,Design Engineer
701,Adalind,Thompson,27,6597.64,Health Educator
702,Laila,Wilton,45,4065.35,Electrician
703,Penny,Rowe,34,7162.04,Loan Officer
704,Nicholas,Funnell,28,2970.33,Machine Operator
705,Grace,Milner,25,1206.82,Pharmacist
706,Martha,Greenwood,44,1622.06,Clerk
707,John,Evans,42,4569.89,Steward
708,Anais,Clifton,38,3583.28,Investment  Advisor
709,Vivian,Varndell,24,2259.75,Stockbroker
710,Noemi,Michael,58,1639.28,Front Desk Coordinator
711,Doug,Smith,46,7398.21,Cash Manager
712,Jacob,Vallins,57,7218.55,Front Desk Coordinator
713,Mara,Morley,56,5398.99,Staffing Consultant
714,Jacob,Page ,23,1851.28,Executive Director
715,Hank,Thorpe,33,5650.09,Pharmacist
716,Doris,Lyon,37,9667.92,Baker
717,Ethan,Trent,47,4351.57,Food Technologist
718,Mike,Whittle,39,1901.05,Clerk
719,Elijah,Townend,21,1329.15,Clerk
720,Leilani,Speed,40,4343.68,Laboratory Technician
721,Abdul,Jefferson,28,2886.20,Loan Officer
722,Bristol,Pearce,45,1730.06,Staffing Consultant
723,Chester,Baxter,22,1160.48,Steward
724,Russel,Turner,18,2423.46,HR Coordinator
725,Peter,Whinter,22,4313.44,Lecturer
726,Alan,Chadwick,58,9069.78,Design Engineer
727,Marvin,Grady,27,7316.25,Ambulatory Nurse
728,Livia,Wright,35,2884.34,Operator
729,Elise,Davies,39,9748.90,Accountant
730,Abdul,Bolton,55,9194.50,Auditor
731,Angelica,Vernon,22,4318.45,Ambulatory Nurse
732,Kieth,Dickson,50,9878.25,IT Support Staff
733,Leslie,Gonzales,20,7073.29,Treasurer
734,Caleb,Quinton,36,3124.63,Dentist
735,Adeline,Thomson,37,3261.22,Restaurant Manager
736,Domenic,Tait,47,5030.07,Design Engineer
737,Freya,Mooney,45,4379.28,Paramedic
738,Caydence,Tyler,23,9585.07,Food Technologist
739,Shannon,Miller,28,1427.45,Cook
740,David,Hammond,25,9001.76,Operator
741,Martha,Hall,24,6623.99,Web Developer
742,Ellen,Brown,57,2230.13,Mobile Developer
743,Tania,Brooks,47,2033.73,Banker
744,Hank,Reid,57,6132.15,Software Engineer
745,Mayleen,Edmonds,51,3709.42,Lecturer
746,Angel,Evans,37,7116.06,Lecturer
747,Rebecca,Bolton,40,3408.67,Production Painter
748,Katelyn,Andersson,24,1486.38,Assistant Buyer
749,Amy,Hopkins,21,3820.59,Business Broker
750,Lara,Stone ,49,9235.23,Inspector
751,Brad,Flack,42,5053.40,Front Desk Coordinator
752,Chris,Plant,33,4352.10,Call Center Representative
753,Bree,Rixon,18,1295.24,Bookkeeper
754,Chadwick,Young,41,8220.50,Systems Administrator
755,Noah,Mason,23,2645.38,Restaurant Manager
756,Jack,Lomax,45,5524.01,Web Developer
757,Nicholas,Hope,41,3024.61,Global Logistics Supervisor
758,Manuel,Ward,24,3998.77,Food Technologist
759,Olivia,Tate,40,9658.84,Physician
760,Barry,Lowe,44,8084.33,Operator
761,Aurelia,Ainsworth,36,4496.82,Biologist
762,Sofia,Bryant,48,8064.38,Doctor
763,Sarah,Lane,26,2520.98,Healthcare Specialist
764,Celina,Tindall,53,9402.93,Cash Manager
765,Aiden,Wooldridge,26,8914.16,Service Supervisor
766,Logan,Santos,34,4785.31,Paramedic
767,Jack,Hale,31,6831.65,Laboratory Technician
768,Daria,Tobin,54,8439.91,IT Support Staff
769,David,Mason,31,3129.70,Call Center Representative
770,Jessica,Lambert,28,9478.95,Biologist
771,Matt,Glass,55,7584.93,Systems Administrator
772,Noah,Warner,48,8405.70,Production Painter
773,Alan,Pearson,41,9136.01,Stockbroker
774,Maggie,Matthews,48,3680.81,Software Engineer
775,Bryon,Malone,29,7755.74,Mobile Developer
776,Owen,Newton,41,7122.90,Call Center Representative
777,Ruth,Giles,43,7568.87,Lecturer
778,William,Roman,27,6565.11,Health Educator
779,Bryon,Tobin,30,3635.53,Systems Administrator
780,Aiden,Lewis,44,2118.11,Software Engineer
781,Julius,Cassidy,57,9799.24,Health Educator
782,Phillip,Swan,19,5294.31,Health Educator
783,Kieth,Edwards,40,3226.45,Treasurer
784,Kenzie,Rowan,25,2904.66,Investment  Advisor
785,Harmony,Norman,34,2902.29,Loan Officer
786,John,Whatson,42,1993.93,Global Logistics Supervisor
787,Cedrick,Owen,50,4367.90,Project Manager
788,Chad,Fields,40,8648.47,Laboratory Technician
789,Cadence,Raven,35,9655.57,Bookkeeper
790,Jacob,Smith,34,4798.91,Healthcare Specialist
791,Logan,Ogilvy,58,1076.44,Food Technologist
792,Jack,Richardson,48,9715.24,Designer
793,Adina,Neal,45,9242.64,Restaurant Manager
794,Brooklyn,Thorpe,38,4077.25,Business Broker
795,Tyler,Slater,20,5185.99,Mobile Developer
796,Kendra,Devonport,41,8528.52,Treasurer
797,Mina,Edler,22,6725.47,Pharmacist
798,Rosalie,Skinner,40,8626.48,Budget Analyst
799,Aiden,Lynn,40,3859.64,Global Logistics Supervisor
800,Kaylee,Foxley,26,8809.93,Web Developer
801,Elena,Varley,55,6344.89,Cashier
802,Rocco,Sawyer,27,7857.70,Design Engineer
803,Marvin,Phillips,54,5076.62,Healthcare Specialist
804,Makena,Fields,53,4359.21,HR Coordinator
805,Chadwick,Veale,41,6748.12,Treasurer
806,Christy,Harrison,22,4057.23,Investment  Advisor
807,Eve,Page ,20,3051.38,Insurance Broker
808,Danny,Thorpe,21,6094.39,Audiologist
809,Chris,Nicolas,31,3756.12,CNC Operator
810,Fred,Alcroft,48,9083.09,Electrician
811,Iris,Blythe,30,9237.97,Designer
812,Grace,Bentley,54,7580.81,Physician
813,Ivy,Morgan,24,4699.85,Budget Analyst
814,David,Kaur,35,3609.14,Insurance Broker
815,Mark,Clayton,33,4694.35,Cash Manager
816,Shannon,Myatt,39,7476.86,Front Desk Coordinator
817,Wade,Holmes,44,1151.54,Pharmacist
818,Rocco,Howard,18,8187.78,Mobile Developer
819,Abdul,Nielson,57,5264.55,Design Engineer
820,Kaylee,Sinclair,45,6298.71,Audiologist
821,Estrella,Bloom,59,1215.58,Electrician
822,Phillip,Mould,50,4424.76,Banker
823,Penny,Murray,24,8333.78,Cashier
824,Noah,Lloyd,20,8448.26,Dentist
825,Ethan,Downing,47,9044.17,Software Engineer
826,Barry,Duvall,59,4959.50,Baker
827,Barry,Reid,41,6829.27,Web Developer
828,Harmony,Price,34,5820.48,Banker
829,Daniel,Henderson,42,4340.60,Accountant
830,Tania,Evans,36,5890.32,Associate Professor
831,Mavis,Morrison,22,5672.73,Cook
832,Willow,Harrington,46,4071.75,Biologist
833,Denny,Villiger,46,8029.27,HR Specialist
834,Matthew,Upsdell,49,7580.40,Operator
835,Leslie,Bell,29,7049.07,Bellman
836,Melanie,Bell,48,2096.56,IT Support Staff
837,Ally,Speed,47,8623.59,IT Support Staff
838,Thea,Bradley,53,4928.20,Health Educator
839,Mabel,Rivers,43,9082.75,Call Center Representative
840,Renee,Snow,26,7128.05,Business Broker
841,Morgan,Booth,23,3511.41,Stockbroker
842,Meredith,Turner,44,5583.76,Steward
843,Mark,Wood,26,5610.79,Assistant Buyer
844,Anne,Jeffery,43,7816.24,HR Specialist
845,Chester,Faulkner,40,1478.13,Bellman
846,Rosa,Dale,36,9113.78,HR Coordinator
847,Jayden,Hilton,49,1308.01,Service Supervisor
848,Kieth,Driscoll,55,9015.22,CNC Operator
849,Roger,Lewis,51,6256.07,Service Supervisor
850,Scarlett,Collingwood,23,5297.20,Associate Professor
851,Martin,Yoman,47,8216.53,Investment  Advisor
852,Lucas,Noon,18,2358.92,Food Technologist
853,Sienna,Spencer,35,6218.29,Front Desk Coordinator
854,Jazmin,Bennett,44,2294.56,Electrician
855,Chadwick,Ogilvy,26,6397.23,Systems Administrator
856,Brad,Mann,31,4716.31,Accountant
857,Harvey,Brown,27,5673.66,Food Technologist
858,Shay,Yang,59,8572.76,Pharmacist
859,Aeris,Camden,58,3326.35,Webmaster
860,Aisha,Stewart,45,1972.54,Design Engineer
861,Marie,Overson,25,2002.90,Front Desk Coordinator
862,Jack,Price,22,5064.76,Cook
863,Tony,Harrison,43,9112.11,Web Developer
864,Jacob,Mackenzie,23,3684.90,Design Engineer
865,Scarlett,Jones,52,3011.41,Cash Manager
866,Johnathan,Rixon,48,6693.36,Chef Manager
867,Erick,Moran,22,9827.54,Paramedic
868,Enoch,Thorpe,35,9863.47,Physician
869,Matt,Ballard,34,2791.89,CNC Operator
870,Wade,Stewart,28,9534.76,HR Specialist
871,Chester,Roscoe,54,3959.89,Insurance Broker
872,Rufus,Matthews,39,9035.47,Cashier
873,Aleksandra,Thomson,35,2711.62,Physician
874,Fred,Benfield,38,2799.69,Design Engineer
875,Maria,Watt,42,1306.23,Webmaster
876,Denis,Forth,44,5389.64,Baker
877,Leroy,Cartwright,36,2590.24,Accountant
878,Ramon,Waterson,37,8975.66,Budget Analyst
879,Rufus,Cox,36,1418.65,Insurance Broker
880,Liv,Nobbs,21,2895.41,Auditor
881,Oliver,Flack,25,6644.57,Healthcare Specialist
882,Henry,Brooks,21,2727.98,Project Manager
883,Johnathan,Thomson,18,3041.37,Treasurer
884,Kamila,Parker,46,1345.27,Software Engineer
885,Bryon,Eastwood,32,2493.40,Banker
886,Jolene,Kaur,20,9687.72,Business Broker
887,Wendy,Welsch,35,9665.03,Design Engineer
888,Liam,Sanchez,42,1633.73,IT Support Staff
889,Chanelle,Ianson,52,6740.85,Insurance Broker
890,Barry,Exton,56,9893.41,Health Educator
891,Norah,Phillips,29,5451.40,Project Manager
892,Kieth,Bullock,43,6170.43,Systems Administrator
893,Jaylene,Walker,20,2649.98,Paramedic
894,Gabriel,Stanley,27,9121.42,HR Specialist
895,Sonya,Fields,32,1298.11,Front Desk Coordinator
896,Aleksandra,Fox,33,4736.87,Baker
897,Megan,Jarrett,47,8451.12,Paramedic
898,Michael,Vincent,38,2612.05,Ambulatory Nurse
899,Ryan,Rowan,26,4699.26,Associate Professor
900,Florence,Brooks,20,2774.85,HR Specialist
901,Juliette,Logan,54,4915.98,IT Support Staff
902,Harry,Broomfield,23,8601.11,Cash Manager
903,David,Flack,37,7774.14,Associate Professor
904,Eduardo,Mcgregor,56,4640.19,Call Center Representative
905,Chuck,Rees,59,5694.03,Web Developer
906,Mike,Larsen,33,9512.29,Accountant
907,Abdul,Wilkinson,44,3935.88,Software Engineer
908,Estrella,Simmons,34,8888.76,Webmaster
909,Chester,Phillips,48,2711.26,Physician
910,Scarlett,Rigg,18,4126.34,Web Developer
911,Sharon,Pond,51,1912.82,Ambulatory Nurse
912,Oliver,Simmons,37,1302.96,Dentist
913,Ramon,Robertson,54,5265.39,Electrician
914,Manuel,Silva,25,1722.52,Bellman
915,Tony,Kelly,29,3466.24,Staffing Consultant
916,Nick,Edwards,22,7978.00,Dentist
917,Mark,Richardson,49,4642.32,Physician
918,Monica,Noach,46,2897.97,Webmaster
919,Eden,Plumb,22,4256.07,Inspector
920,Makena,Martin,32,6941.02,Bellman
921,Hank,Brown,18,2053.68,Insurance Broker
922,Maxwell,Adler,23,9649.71,Budget Analyst
923,Gwenyth,Wigley,36,8396.10,Software Engineer
924,Nicholas,Milner,26,8380.69,Electrician
925,Melody,Windsor,50,2115.82,Accountant
926,Josephine,Carpenter,36,8204.21,Staffing Consultant
927,Elijah,Bradshaw,41,7804.90,Call Center Representative
928,Chanelle,Aldridge,38,6813.04,Stockbroker
929,Eden,Lane,51,4564.64,Retail Trainee
930,Victoria,Griffiths,27,5543.11,Retail Trainee
931,Domenic,Salt,27,4662.99,Accountant
932,Gabriel,Lindop,49,2119.01,Baker
933,Karla,Rosenbloom,48,4356.69,Steward
934,Ronald,Kelly,34,8318.69,Webmaster
935,Rosalyn,Crawley,21,8913.26,Operator
936,Caitlyn,Terry,46,7205.25,Accountant
937,Priscilla,Vernon,43,6691.97,HR Specialist
938,Carolyn,Vallory,47,6840.97,Accountant
939,Adeline,James,53,3984.21,Food Technologist
940,Britney,Richards,57,1278.66,Front Desk Coordinator
941,Willow,Maxwell,48,7611.39,Dentist
942,Sasha,Lloyd,30,2303.12,Inspector
943,Zoe,Steer,40,2243.40,Call Center Representative
944,Chad,Richardson,58,6935.61,IT Support Staff
945,Johnny,Andersson,29,7373.93,Design Engineer
946,Logan,Kennedy,39,9446.22,CNC Operator
947,Kieth,Gilbert,47,7881.68,Front Desk Coordinator
948,Rocco,Osmond,50,4018.82,Audiologist
949,Kurt,Ashwell,56,8236.34,Operator
950,Manuel,Jackson,48,2177.77,Chef Manager
951,Luke,Butler,46,6215.16,Operator
952,Melinda,Thomson,50,8329.06,Accountant
953,Elijah,Poole,34,1656.02,Dentist
954,Maggie,Drake,46,8177.79,Machine Operator
955,Sabrina,Ballard,45,2701.84,Executive Director
956,Luke,Farrell,52,6596.01,Webmaster
957,Jacob,Cavanagh,32,4335.75,Software Engineer
958,Jacqueline,Dann,48,7658.55,Production Painter
959,Erin,Saunders,41,7677.38,Cash Manager
960,Clint,Adams,21,7146.47,Designer
961,Julius,Thorne,18,5367.07,Machine Operator
962,Bob,Russell,41,4985.75,Operator
963,Shannon,Murray,31,3907.42,Auditor
964,Rosalee,Wright,51,3937.77,Assistant Buyer
965,Hayden,Gosling,24,2898.59,Staffing Consultant
966,Harmony,Lane,36,1541.26,Auditor
967,Benny,Weston,18,4424.65,Dentist
968,Rufus,Brown,51,7093.55,Executive Director
969,Leah,Kent,34,8268.85,Bookkeeper
970,Gladys,Lewin,35,2608.18,Cash Manager
971,Carina,Little,23,9197.53,Banker
972,Maddison,Barrett,53,6588.19,Staffing Consultant
973,Emerald,Fields,48,8063.84,Electrician
974,Adelaide,Yard,57,5989.67,HR Coordinator
975,Sage,Russell,20,6043.97,Design Engineer
976,Crystal,Smith,47,8079.32,Global Logistics Supervisor
977,Georgia,Maxwell,48,2436.61,Cook
978,Wendy,Leigh,39,1510.22,Pharmacist
979,Monica,Gallacher,19,3938.65,Biologist
980,Bryce,Farrow,28,5519.77,Investment  Advisor
981,Sydney,Bennett,40,8621.14,Budget Analyst
982,Nicole,Douglas,35,4531.09,Biologist
983,Francesca,Murphy,28,2654.22,Biologist
984,Marjorie,Wills,25,6114.54,Stockbroker
985,Christy,Varndell,39,7058.64,Operator
986,Leanne,Hilton,28,8311.61,HR Coordinator
987,Madelyn,Bentley,44,2146.18,Laboratory Technician
988,Keira,Poole,45,2698.08,Dentist
989,Carrie,Bayliss,28,7254.67,Baker
990,Parker,Thomson,30,5600.23,Designer
991,Zara,Robertson,58,6844.19,Project Manager
992,Freya,Lewis,38,9756.13,Lecturer
993,Martha,Briggs,40,4182.31,Cash Manager
994,Evelynn,Price,40,4217.76,Laboratory Technician
995,Dorothy,Bradley,51,8416.03,Machine Operator
996,Dani,Pierce,30,6251.94,Mobile Developer
997,Lara,Downing,50,1100.30,Lecturer
998,Shelby,Lowe,42,1183.58,Staffing Consultant
999,Savannah,Taylor,20,8952.96,Project Manager
1000,Rylee,Wilkinson,49,7692.63,Laboratory Technician